Feature,Raw_Coefficient,Feature_SD,Standardized_Coefficient,Abs_Standardized,Relative_Importance_Pct,Cumulative_Pct
rank_level,18074.884513759385,1.4131592282407637,1.204060661531824,1.204060661531824,49.577568087920206,49.577568087920206
rank_category_binary,-31562.326701832386,0.4963045335255338,-0.7384124164327754,0.7384124164327754,30.404358370189993,99.88906543304196
yos_zscore,10177.719831268028,1.00019780679053,0.47986395271705795,0.47986395271705795,19.758545851420685,69.33611393934089
skill_ordinal,-43.41927510623711,1.7631836652944342,-0.0036087920705700047,0.0036087920705700047,0.14859312351107995,69.48470706285197
branch_navy,87.34924320774097,0.4855871556194898,0.0019994386122756886,0.0019994386122756886,0.08232749985503506,100
branch_army,30.3892173447932,0.48499273135308746,6.947626813690094e-4,6.947626813690094e-4,0.028607067102995532,99.91767250014496
